157D,1,A,NA
1EHZ,1,A,NA
1EVV,1,A,NA
1FG0,1,A,NA
1FIR,1,A,NA
1FOQ,1,A,NA
1FOQ,1,B,NA
1FOQ,1,C,NA
1FOQ,1,D,NA
1FOQ,1,E,NA
1GID,1,A,NA
1GID,1,B,NA
1I9V,1,A,NA
1J7T,1,A,NA
1LC4,1,A,NA
1MWL,1,A,NA
1NBS,1,A,NA
1NBS,1,B,NA
1O9M,1,A,NA
1SA9,1,C,NA
1TN1,1,A,NA
1TN2,1,A,NA
1TRA,1,A,NA
1VTQ,1,A,NA
1Y0Q,1,A,NA
1Y26,1,X,NA
1Y27,1,X,NA
1YFG,1,A,NA
1YRJ,1,A,NA
2BE0,1,A,NA
2BEE,1,A,NA
2CKY,1,A,NA
2CKY,1,B,NA
2ESI,1,A,NA
2ESJ,1,A,NA
2ET3,1,A,NA
2ET4,1,A,NA
2ET5,1,A,NA
2F4T,1,B,NA
2JLT,1,A,NA
2N0R,1,A,NA
2O43,1,A,NA
2O44,1,A,NA
2O45,1,A,NA
2PWT,1,A,NA
2TRA,1,A,NA
2V6W,1,A,NA
2V7R,1,A,NA
2VAL,1,A,NA
2VAL,1,B,NA
2VUQ,1,A,NA
2W89,1,A,NA
2W89,1,C,NA
2XNW,1,A,NA
2XNZ,1,A,NA
2XO1,1,A,NA
2XSL,1,A,NA
2XSL,1,C,NA
2YDH,1,A,NA
2YGH,1,A,NA
2YIF,1,Z,NA
364D,1,C,NA
3A3A,1,A,NA
3B4A,1,B,NA
3B4B,1,B,NA
3B4C,1,B,NA
3BNL,1,A,NA
3BWP,1,A,NA
3CW5,1,A,NA
3CW6,1,A,NA
3D2G,1,A,NA
3D2G,1,B,NA
3D2V,1,A,NA
3D2V,1,B,NA
3D2X,1,A,NA
3D2X,1,B,NA
3EOG,1,A,NA
3EOH,1,A,NA
3FWO,1,A,NA
3FWO,1,B,NA
3G78,1,A,NA
3GCA,1,A,NA
3GLP,1,C,NA
3IGI,1,A,NA
3IVN,1,A,NA
3IVN,1,B,NA
3JQ4,1,A,NA
3JQ4,1,B,NA
3JXR,1,A,NA
3L0U,1,A,NA
3LA5,1,A,NA
3MIJ,1,A,NA
3NPN,1,A,NA
3NPQ,1,A,NA
3NPQ,1,B,NA
3NPQ,1,C,NA
3OWI,1,A,NA
3OWI,1,B,NA
3PDR,1,A,NA
3PDR,1,X,NA
3Q3Z,1,A,NA
3Q3Z,1,V,NA
3Q50,1,A,NA
3Q51,1,A,NA
3R1C,1,E,NA
3R1C,1,G,NA
3R1C,1,M,NA
3R1C,1,O,NA
3R1C,1,Q,NA
3R1C,1,S,NA
3R1C,1,T,NA
3R1C,1,V,NA
3R1C,1,a,NA
3R1C,1,i,NA
3R1D,1,A,NA
3R1D,1,C,NA
3RG5,1,A,NA
3RG5,1,B,NA
3S4P,1,A,NA
3S8U,1,A,NA
3SUH,1,X,NA
3SUX,1,X,NA
3SUY,1,X,NA
3TRA,1,A,NA
3TZR,1,A,NA
3VRS,1,A,NA
3WRU,1,A,NA
430D,1,A,NA
4AOB,1,A,NA
4B5R,1,A,NA
4DS6,1,A,NA
4E59,1,A,NA
4E8K,1,A,NA
4E8M,1,A,NA
4E8N,1,A,NA
4E8P,1,A,NA
4E8Q,1,A,NA
4E8R,1,A,NA
4E8T,1,A,NA
4E8V,1,A,NA
4EN5,1,A,NA
4ENA,1,A,NA
4ENB,1,A,NA
4ENC,1,A,NA
4ERJ,1,A,NA
4ERL,1,A,NA
4F8U,1,A,NA
4F8V,1,A,NA
4FAQ,1,A,NA
4FAR,1,A,NA
4FAU,1,A,NA
4FAW,1,A,NA
4FAX,1,A,NA
4FB0,1,A,NA
4FNJ,1,A,NA
4FRG,1,B,NA
4FRG,1,X,NA
4FRN,1,A,NA
4FRN,1,B,NA
4GMA,1,Z,NA
4GPW,1,A,NA
4GPX,1,A,NA
4GPY,1,A,NA
4J50,1,A,NA
4JAB,1,A,NA
4JAH,1,A,NA
4JAH,1,E,NA
4JF2,1,A,NA
4K31,1,B,NA
4K32,1,A,NA
4KQY,1,A,NA
4LX5,1,A,NA
4LX6,1,A,NA
4MCE,1,B,NA
4MCE,1,D,NA
4MCF,1,F,NA
4MCF,1,H,NA
4NXH,1,A,NA
4NYA,1,A,NA
4NYA,1,B,NA
4NYB,1,A,NA
4NYC,1,A,NA
4NYD,1,A,NA
4NYG,1,A,NA
4P20,1,A,NA
4P3T,1,A,NA
4P3U,1,C,NA
4P5J,1,A,NA
4P8Z,1,A,NA
4P97,1,A,NA
4P97,1,C,NA
4P9R,1,A,NA
4PCJ,1,A,NA
4PCO,1,A,NA
4PCO,1,C,NA
4PDQ,1,A,NA
4PHY,1,A,NA
4PLX,1,A,NA
4PLX,1,B,NA
4PLX,1,C,NA
4PQV,1,A,NA
4QLM,1,A,NA
4QLN,1,A,NA
4R0D,1,A,NA
4R4P,1,A,NA
4R4V,1,A,NA
4RGE,1,A,NA
4RGE,1,B,NA
4RGE,1,C,NA
4RGF,1,A,NA
4RGF,1,B,NA
4RGF,1,C,NA
4RUM,1,A,NA
4RZD,1,A,NA
4TNA,1,A,NA
4TRA,1,A,NA
4TS0,1,Y,NA
4TS2,1,Y,NA
4TZX,1,X,NA
4TZY,1,X,NA
4U37,1,A,NA
4U38,1,A,NA
4U38,1,C,NA
4U38,1,E,NA
4U38,1,G,NA
4U3L,1,A,NA
4U3O,1,A,NA
4U3P,1,A,NA
4U3R,1,A,NA
4U47,1,A,NA
4U78,1,A,NA
4WFL,1,A,NA
4WFM,1,A,NA
4WFM,1,B,NA
4XNR,1,X,NA
4XW0,1,A,NA
4XW7,1,A,NA
4XWF,1,A,NA
4Y1I,1,A,NA
4Y1I,1,B,NA
4Y1J,1,A,NA
4Y1J,1,B,NA
4Y1M,1,A,NA
4Y1M,1,B,NA
4Y1N,1,A,NA
4Y1N,1,B,NA
4Y1O,1,A,NA
4Y1O,1,B,NA
4Y27,1,A,NA
4YAZ,1,A,NA
4YAZ,1,R,NA
4YB0,1,A,NA
4YB0,1,R,NA
4YN6,1,A,NA
4ZC7,1,A,NA
4ZC7,1,C,NA
4ZNP,1,A,NA
4ZNP,1,B,NA
5AY2,1,A,NA
5AY2,1,C,NA
5AY3,1,A,NA
5AY4,1,A,NA
5BJO,1,E,NA
5BJO,1,Y,NA
5BJP,1,E,NA
5BJP,1,Y,NA
5BTM,1,A,NA
5BTM,1,B,NA
5BTP,1,A,NA
5BTP,1,B,NA
5C7U,1,B,NA
5C7W,1,C,NA
5CNR,1,A,NA
5CNR,1,E,NA
5D5L,1,A,NA
5D5L,1,B,NA
5D5L,1,C,NA
5D5L,1,D,NA
5D8T,1,A,NA
5D99,1,A,NA
5DER,1,A,NA
5DER,1,C,NA
5DHB,1,A,NA
5DHB,1,C,NA
5DHC,1,A,NA
5DHC,1,C,NA
5DUN,1,A,NA
5E54,1,A,NA
5E54,1,B,NA
5EAO,1,A,NA
5EAQ,1,A,NA
5FJ0,1,A,NA
5FJ1,1,A,NA
5FJ1,1,B,NA
5FJ1,1,C,NA
5FJ1,1,D,NA
5FJ1,1,E,NA
5FJ1,1,F,NA
5FJ1,1,G,NA
5FJ1,1,H,NA
5FJC,1,A,NA
5FK1,1,A,NA
5FK2,1,A,NA
5FK3,1,A,NA
5FK4,1,A,NA
5FK5,1,A,NA
5FK6,1,A,NA
5FKD,1,A,NA
5FKE,1,A,NA
5FKF,1,A,NA
5FKG,1,A,NA
5FKH,1,A,NA
5G4T,1,A,NA
5HBW,1,A,NA
5HBX,1,A,NA
5HBX,1,C,NA
5HN2,1,C,NA
5HN2,1,E,NA
5HNJ,1,A,NA
5HNJ,1,C,NA
5HNJ,1,E,NA
5HNQ,1,A,NA
5HNQ,1,C,NA
5HNQ,1,E,NA
5HNQ,1,G,NA
5HNQ,1,I,NA
5HNQ,1,K,NA
5J01,1,A,NA
5KPY,1,A,NA
5KRG,1,A,NA
5KRG,1,C,NA
5KTJ,1,A,NA
5KTJ,1,C,NA
5KVJ,1,A,NA
5L00,1,A,NA
5L00,1,C,NA
5L4O,1,A,NA
5LQO,1,A,NA
5LQT,1,A,NA
5LR3,1,A,NA
5LR4,1,A,NA
5LR4,1,C,NA
5LR5,1,A,NA
5LR5,1,C,NA
5LYS,1,A,NA
5LYS,1,B,NA
5LYU,1,A,NA
5LYU,1,B,NA
5LYV,1,A,NA
5LYV,1,B,NA
5M0H,1,A,NA
5ML7,1,A,NA
5ML7,1,B,NA
5MRX,1,A,NA
5NDH,1,A,NA
5NDH,1,B,NA
5NDH,1,C,NA
5NDH,1,D,NA
5NDI,1,A,NA
5NDI,1,B,NA
5NDI,1,C,NA
5NDI,1,D,NA
5NEF,1,A,NA
5NEO,1,A,NA
5NEP,1,A,NA
5NEQ,1,A,NA
5NEX,1,A,NA
5NOM,1,A,NA
5NQI,1,A,NA
5NWQ,1,A,NA
5NWQ,1,B,NA
5NY8,1,A,NA
5NY8,1,B,NA
5NZ3,1,A,NA
5NZ3,1,B,NA
5NZ6,1,A,NA
5NZD,1,A,NA
5NZD,1,B,NA
5O62,1,A,NA
5O62,1,B,NA
5O69,1,A,NA
5O69,1,B,NA
5OB3,1,A,NA
5SWD,1,A,NA
5SWD,1,B,NA
5SWE,1,X,NA
5T3K,1,A,NA
5T3K,1,C,NA
5T83,1,A,NA
5TDK,1,A,NA
5TKO,1,A,NA
5TKO,1,C,NA
5TPY,1,A,NA
5U3G,1,B,NA
5UED,1,A,NA
5UEE,1,A,NA
5UEF,1,A,NA
5UEG,1,A,NA
5UEG,1,C,NA
5UNE,1,A,NA
5UX3,1,A,NA
5UZ6,1,A,NA
5UZ6,1,C,NA
5UZ6,1,E,NA
5UZA,1,X,NA
5V0H,1,A,NA
5V0J,1,A,NA
5V0O,1,A,NA
5V1K,1,A,NA
5V3F,1,A,NA
5V3I,1,A,NA
5V9Z,1,A,NA
5VCF,1,A,NA
5VCI,1,A,NA
5VGW,1,A,NA
5VJ9,1,A,NA
5VJ9,1,B,NA
5VJ9,1,C,NA
5VJ9,1,D,NA
5VJB,1,A,NA
5VJB,1,B,NA
5VJB,1,C,NA
5VJB,1,D,NA
5VR4,1,A,NA
5VR4,1,C,NA
5XZ1,1,A,NA
5XZ1,1,C,NA
5Z1H,1,B,NA
5ZEG,1,A,NA
5ZEI,1,A,NA
5ZEJ,1,A,NA
5ZEM,1,A,NA
6AZ4,1,A,NA
6BFB,1,Y,NA
6BGB,1,A,NA
6BJX,1,A,NA
6BJX,1,B,NA
6BMD,1,A,NA
6BMD,1,C,NA
6BMD,1,E,NA
6C27,1,A,NA
6C27,1,B,NA
6C63,1,A,NA
6C63,1,B,NA
6C63,1,C,NA
6C64,1,A,NA
6C64,1,B,NA
6C64,1,D,NA
6C65,1,A,NA
6C65,1,B,NA
6C65,1,C,NA
6C8D,1,A,NA
6C8E,1,A,NA
6C8I,1,A,NA
6C8J,1,A,NA
6C8K,1,A,NA
6C8L,1,A,NA
6C8M,1,A,NA
6C8N,1,A,NA
6C8O,1,A,NA
6CAB,1,A,NA
6CB3,1,A,NA
6CB3,1,B,NA
6CC1,1,A,NA
6CC1,1,B,NA
6CC3,1,A,NA
6CC3,1,B,NA
6CIH,1,A,NA
6CK4,1,A,NA
6CK4,1,B,NA
6CK4,1,C,NA
6CK4,1,D,NA
6CK5,1,A,NA
6CK5,1,B,NA
6CU1,1,A,NA
6CXZ,1,A,NA
6CY0,1,A,NA
6CY0,1,C,NA
6CY0,1,E,NA
6CY0,1,G,NA
6CY2,1,A,NA
6CY4,1,A,NA
6CY4,1,C,NA
6CY4,1,E,NA
6CY4,1,G,NA
6D3P,1,A,NA
6D8L,1,A,NA
6D8L,1,B,NA
6D8M,1,A,NA
6D8M,1,B,NA
6D8N,1,A,NA
6D8N,1,B,NA
6D8O,1,A,NA
6D8O,1,B,NA
6DLQ,1,A,NA
6DLR,1,A,NA
6DLS,1,A,NA
6DLT,1,A,NA
6DMC,1,A,NA
6DMC,1,B,NA
6DMD,1,A,NA
6DMD,1,B,NA
6DME,1,A,NA
6DN1,1,Z,NA
6DN2,1,Y,NA
6DN3,1,Y,NA
6DNR,1,A,NA
6DVK,1,H,NA
6E1S,1,A,NA
6E1T,1,A,NA
6E1U,1,A,NA
6E1V,1,A,NA
6E1W,1,A,NA
6E80,1,A,NA
6E81,1,A,NA
6E82,1,A,NA
6E84,1,A,NA
6E8S,1,A,NA
6E8S,1,B,NA
6E8T,1,A,NA
6E8T,1,B,NA
6E8T,1,C,NA
6E8T,1,D,NA
6E8U,1,B,NA
6FZ0,1,A,NA
6G7Z,1,A,NA
6GYV,1,A,NA
6H0R,1,A,NA
6H0R,1,B,NA
6HBT,1,A,NA
6HBX,1,A,NA
6HC5,1,A,NA
6HU6,1,A,NA
6HU6,1,B,NA
6IA2,1,A,NA
6JBF,1,A,NA
6JBF,1,C,NA
6JBG,1,A,NA
6JBG,1,C,NA
6JJH,1,B,NA
6JJI,1,B,NA
6JQ6,1,U,NA
6JXM,1,B,NA
6MJ0,1,A,NA
6MJ0,1,B,NA
6N2V,1,A,NA
6N2V,1,B,NA
6N5K,1,A,NA
6N5N,1,A,NA
6N5O,1,A,NA
6N5P,1,A,NA
6N5Q,1,A,NA
6N5S,1,A,NA
6N5T,1,A,NA
6OL3,1,C,NA
6P2H,1,A,NA
6PMO,1,A,NA
6PMO,1,B,NA
6PQ7,1,C,NA
6PRV,1,A,NA
6PRV,1,B,NA
6PRV,1,C,NA
6PRV,1,D,NA
6Q57,1,A,NA
6Q8V,1,A,NA
6QIQ,1,A,NA
6QIR,1,A,NA
6QIR,1,C,NA
6QIS,1,A,NA
6QIS,1,E,NA
6QIS,1,G,NA
6QIT,1,A,NA
6QIT,1,C,NA
6R47,1,A,NA
6SVS,1,A,NA
6SVS,1,B,NA
6T3K,1,A,NA
6T3N,1,A,NA
6T3R,1,A,NA
6T3S,1,A,NA
6TB7,1,A,NA
6TF0,1,A,NA
6TF1,1,A,NA
6TF2,1,A,NA
6TF3,1,A,NA
6TFE,1,A,NA
6TFF,1,A,NA
6TFG,1,A,NA
6TFH,1,A,NA
6TNA,1,A,NA
6U6J,1,A,NA
6U7Y,1,A,NA
6U7Z,1,A,NA
6U89,1,A,NA
6U8F,1,A,NA
6U8U,1,A,NA
6UBU,1,B,NA
6UC7,1,B,NA
6UC8,1,B,NA
6UC9,1,B,NA
6UES,1,A,NA
6UEY,1,A,NA
6UEY,1,C,NA
6UF1,1,A,NA
6UF1,1,C,NA
6UFJ,1,A,NA
6UFJ,1,C,NA
6UFK,1,A,NA
6UFK,1,C,NA
6UFM,1,A,NA
6UFM,1,B,NA
6UGG,1,A,NA
6UGG,1,B,NA
6UGI,1,A,NA
6UGJ,1,A,NA
6UP0,1,C,NA
6UP0,1,D,NA
6V9B,1,B,NA
6V9D,1,B,NA
6VEM,1,A,NA
6VMY,1,A,NA
6VUH,1,A,NA
6VUI,1,A,NA
6VWT,1,A,NA
6VWT,1,B,NA
6VWV,1,A,NA
6VWV,1,B,NA
6WJR,1,X,NA
6WJS,1,X,NA
6WTL,1,A,NA
6WTR,1,A,NA
6WY2,1,B,NA
6WY2,1,D,NA
6WY3,1,A,NA
6WY3,1,C,NA
6WZR,1,A,NA
6WZR,1,B,NA
6WZS,1,A,NA
6WZS,1,B,NA
6XKN,1,A,NA
6XKO,1,A,NA
6XRQ,1,A,NA
6XRQ,1,B,NA
6Y0T,1,A,NA
6Y0T,1,B,NA
6Y0Y,1,A,NA
6Y3G,1,F,NA
6YL5,1,A,NA
6YL5,1,C,NA
6YL5,1,E,NA
6YL5,1,G,NA
6YL5,1,I,NA
6YL5,1,K,NA
6YLB,1,A,NA
6YLB,1,C,NA
6YLB,1,F,NA
6YLB,1,I,NA
6YLB,1,M,NA
6YLB,1,O,NA
6YMC,1,A,NA
6YMC,1,B,NA
6YMI,1,A,NA
6YMI,1,C,NA
6YMI,1,F,NA
6YMI,1,I,NA
6YMI,1,M,NA
6YMI,1,O,NA
6YMJ,1,A,NA
6YMJ,1,C,NA
6YMJ,1,F,NA
6YMJ,1,I,NA
6YMJ,1,M,NA
6YMJ,1,O,NA
6YMK,1,A,NA
6YMK,1,C,NA
6YMK,1,F,NA
6YMK,1,I,NA
6YMK,1,M,NA
6YMK,1,O,NA
6YML,1,A,NA
6YML,1,C,NA
6YMM,1,A,NA
6YMM,1,C,NA
6Z18,1,A,NA
6ZPF,1,K,NA
6ZQ9,1,K,NA
6ZR1,1,K,NA
6ZRL,1,M,NA
6ZRS,1,K,NA
6ZW3,1,M,NA
6ZWU,1,M,NA
6ZX5,1,K,NA
6ZX8,1,K,NA
6ZXZ,1,A,NA
6ZXZ,1,B,NA
6ZXZ,1,C,NA
6ZYB,1,A,NA
7A9L,1,M,NA
7A9N,1,K,NA
7A9O,1,K,NA
7A9P,1,M,NA
7A9Q,1,K,NA
7A9R,1,M,NA
7A9S,1,K,NA
7A9T,1,K,NA
7D7W,1,A,NA
7D7X,1,A,NA
7D7Y,1,A,NA
7D7Z,1,A,NA
7D81,1,A,NA
7D82,1,A,NA
7E9E,1,A,NA
7E9I,1,A,NA
7EAF,1,A,NA
7ECJ,1,A,NA
7ECK,1,A,NA
7ECK,1,C,NA
7ECK,1,E,NA
7ECK,1,G,NA
7ECK,1,I,NA
7ECK,1,K,NA
7ECL,1,A,NA
7ECL,1,C,NA
7ECL,1,E,NA
7ECL,1,G,NA
7ECL,1,I,NA
7ECL,1,K,NA
7ECM,1,A,NA
7ECM,1,C,NA
7ECN,1,A,NA
7ECN,1,C,NA
7ECO,1,A,NA
7ECO,1,C,NA
7ECO,1,E,NA
7ECP,1,A,NA
7ECP,1,C,NA
7EDL,1,A,NA
7EDM,1,A,NA
7EDT,1,A,NA
7EDU,1,A,NA
7EDU,1,C,NA
7EEM,1,A,NA
7EI7,1,A,NA
7EI8,1,A,NA
7EI8,1,C,NA
7EI9,1,A,NA
7EIA,1,A,NA
7EIA,1,C,NA
7EIA,1,E,NA
7EIA,1,G,NA
7ELP,1,A,NA
7ELP,1,B,NA
7ELQ,1,A,NA
7ELQ,1,B,NA
7ELR,1,A,NA
7ELR,1,B,NA
7ELS,1,A,NA
7ELS,1,B,NA
7EOG,1,A,NA
7EOH,1,A,NA
7EOI,1,A,NA
7EOJ,1,A,NA
7EOK,1,A,NA
7EOL,1,A,NA
7EOM,1,A,NA
7EON,1,A,NA
7EOO,1,A,NA
7EOP,1,A,NA
7EQJ,1,A,NA
7EQJ,1,B,NA
7EZ0,1,N,NA
7F8Z,1,A,NA
7F8Z,1,C,NA
7F8Z,1,E,NA
7F8Z,1,G,NA
7F8Z,1,I,NA
7JJD,1,A,NA
7JJE,1,A,NA
7JJU,1,A,NA
7JRR,1,A,NA
7JRS,1,B,NA
7K16,1,P,NA
7KD1,1,A,NA
7KJU,1,A,NA
7KUK,1,A,NA
7KUM,1,A,NA
7KUN,1,A,NA
7KUO,1,A,NA
7KUP,1,A,NA
7KVT,1,B,NA
7KVU,1,G,NA
7KVV,1,D,NA
7L0Z,1,G,NA
7L3R,1,A,NA
7LNE,1,A,NA
7LNF,1,A,NA
7LNG,1,A,NA
7LO9,1,A,NA
7LO9,1,C,NA
7LYF,1,A,NA
7LYG,1,A,NA
7LYJ,1,A,NA
7MKY,1,A,NA
7MLW,1,F,NA
7OA3,1,A,NA
7OA3,1,B,NA
7OAV,1,A,NA
7OAV,1,B,NA
7OAV,1,C,NA
7OAV,1,D,NA
7OAW,1,A,NA
7OAW,1,B,NA
7OAW,1,C,NA
7OAW,1,D,NA
7OAX,1,A,NA
7OAX,1,B,NA
7OAX,1,C,NA
7OAX,1,D,NA
7OUO,1,AAA,NA
7Q7X,1,B,NA
7Q7Y,1,B,NA
7Q7Z,1,B,NA
7Q7Z,1,E,NA
7Q80,1,B,NA
7Q80,1,E,NA
7Q81,1,B,NA
7QP2,1,A,NA
7QSH,1,A,NA
7REX,1,A,NA
7REX,1,B,NA
7REX,1,C,NA
7SXP,1,A,NA
7TD7,1,A,NA
7TDA,1,A,NA
7TDB,1,A,NA
7TDC,1,A,NA
7TZR,1,X,NA
7TZR,1,Y,NA
7TZS,1,X,NA
7TZS,1,Y,NA
7TZT,1,A,NA
7TZU,1,A,NA
7U4A,1,A,NA
7U87,1,A,NA
7U88,1,A,NA
7U89,1,A,NA
7U8A,1,A,NA
7U8B,1,A,NA
7UCR,1,A,NA
7UQ6,1,B,NA
7UR5,1,v,NA
7UR5,1,w,NA
7UR5,1,y,NA
7URI,1,y,NA
7URM,1,v,NA
7UVT,1,A,NA
7UZ0,1,A,NA
7VNV,1,A,NA
7VNV,1,B,NA
7VNW,1,A,NA
7VNW,1,B,NA
7WI9,1,V,NA
7WIA,1,V,NA
7WIB,1,V,NA
7WIE,1,V,NA
7WIF,1,V,NA
7WII,1,V,NA
7XD4,1,N,NA
7XD5,1,N,NA
7XD7,1,N,NA
7XSK,1,N,NA
7XSL,1,N,NA
7XSN,1,N,NA
7Y2P,1,A,NA
7Y8P,1,A,NA
7YG8,1,N,NA
7YG9,1,N,NA
7YGD,1,N,NA
7ZFW,1,L5,NA
8AMG,1,A,NA
8AMG,1,C,NA
8AMG,1,E,NA
8AMG,1,K,NA
8AMJ,1,A,NA
8AMK,1,C,NA
8AMK,1,E,NA
8AMK,1,G,NA
8AMK,1,I,NA
8AMK,1,K,NA
8AMK,1,M,NA
8AMK,1,O,NA
8AMK,1,Q,NA
8AMK,1,S,NA
8AMK,1,U,NA
8AMK,1,Y,NA
8AMK,1,a,NA
8AML,1,A,NA
8AML,1,E,NA
8AML,1,G,NA
8AML,1,I,NA
8AML,1,K,NA
8AML,1,M,NA
8AML,1,O,NA
8AML,1,Q,NA
8AML,1,S,NA
8AML,1,U,NA
8AML,1,Y,NA
8AML,1,c,NA
8AMM,1,E,NA
8AMM,1,G,NA
8AMM,1,I,NA
8AMM,1,K,NA
8AMM,1,M,NA
8AMM,1,O,NA
8AMM,1,Q,NA
8AMM,1,S,NA
8AMM,1,U,NA
8AMM,1,a,NA
8AMM,1,c,NA
8AMN,1,C,NA
8AMN,1,E,NA
8AMN,1,G,NA
8AMN,1,I,NA
8AMN,1,K,NA
8AMN,1,M,NA
8AMN,1,O,NA
8AMN,1,Q,NA
8AMN,1,S,NA
8AMN,1,U,NA
8AMN,1,Y,NA
8AMN,1,a,NA
8D28,1,A,NA
8D28,1,B,NA
8D2A,1,A,NA
8D2A,1,B,NA
8D2B,1,A,NA
8D2B,1,B,NA
8D5L,1,A,NA
8D5L,1,B,NA
8D5L,1,C,NA
8D5L,1,D,NA
8D5O,1,A,NA
8D5O,1,B,NA
8EYU,1,A,NA
8EYU,1,B,NA
8EYV,1,A,NA
8EYV,1,B,NA
8EYW,1,A,NA
8EYW,1,B,NA
8F0N,1,A,NA
8F0N,1,B,NA
8F4O,1,A,NA
8F4O,1,B,NA
8FB3,1,A,NA
8FB3,1,B,NA
8FB3,1,C,NA
8FZA,1,A,NA
8FZA,1,B,NA
8HB1,1,B,NA
8HB3,1,B,NA
8HB8,1,A,NA
8HBA,1,A,NA
8HBA,1,B,NA
8HD6,1,N,NA
8HD7,1,N,NA
8HZD,1,A,NA
8HZD,1,B,NA
8HZE,1,A,NA
8HZE,1,B,NA
8HZF,1,A,NA
8HZF,1,B,NA
8HZJ,1,A,NA
8HZJ,1,B,NA
8HZK,1,A,NA
8HZK,1,B,NA
8HZL,1,A,NA
8HZL,1,B,NA
8HZM,1,A,NA
8HZM,1,B,NA
8I3Z,1,B,NA
8I7N,1,N,NA
8ITS,1,A,NA
8K0P,1,A,NA
8K0P,1,C,NA
8K0S,1,A,NA
8K0S,1,C,NA
8K0Y,1,A,NA
8K0Y,1,B,NA
8K15,1,C,NA
8K1E,1,A,NA
8K2Z,1,A,NA
8K2Z,1,B,NA
8K30,1,A,NA
8K30,1,B,NA
8K7W,1,A,NA
8K85,1,A,NA
8KEB,1,A,NA
8KED,1,A,NA
8KHH,1,A,NA
8KHH,1,B,NA
8OLS,1,A,NA
8OLV,1,A,NA
8OLW,1,A,NA
8OLY,1,A,NA
8OLZ,1,A,NA
8OM0,1,A,NA
8Q6N,1,A,NA
8QMH,1,B,NA
8QMI,1,A,NA
8RUI,1,A,NA
8RUJ,1,A,NA
8RUL,1,A,NA
8RUM,1,A,NA
8RUN,1,A,NA
8S95,1,C,NA
8SA3,1,A,NA
8SA3,1,B,NA
8SA4,1,A,NA
8SP9,1,C,NA
8SWG,1,A,NA
8SWO,1,A,NA
8SX5,1,A,NA
8SXL,1,A,NA
8SY1,1,A,NA
8SY1,1,C,NA
8SYK,1,A,NA
8SYK,1,B,NA
8SYK,1,C,NA
8SYK,1,D,NA
8T5O,1,A,NA
8TJQ,1,N,NA
8TJU,1,A,NA
8TJV,1,A,NA
8TJX,1,N,NA
8TKJ,1,A,NA
8TKK,1,A,NA
8TOZ,1,A,NA
8TQX,1,A,NA
8TSV,1,A,NA
8TSV,1,C,NA
8U5J,1,A,NA
8U5K,1,A,NA
8U5K,1,B,NA
8U5K,1,C,NA
8U5P,1,A,NA
8U5P,1,B,NA
8U5P,1,C,NA
8U5R,1,A,NA
8U5R,1,B,NA
8U5R,1,C,NA
8U5T,1,A,NA
8U5T,1,B,NA
8U5T,1,C,NA
8U5Z,1,A,NA
8U5Z,1,B,NA
8U5Z,1,C,NA
8U60,1,A,NA
8U60,1,B,NA
8U60,1,C,NA
8UO6,1,A,NA
8UO6,1,B,NA
8UPT,1,A,NA
8UPY,1,C,NA
8UTG,1,A,NA
8UTG,1,B,NA
8V1H,1,A,NA
8V1I,1,A,NA
8V1I,1,B,NA
8VAW,1,A,NA
8VAX,1,AAA,NA
8VFS,1,A,NA
8VPV,1,A,NA
8VT5,1,A,NA
8VXX,1,A,NA
8VXX,1,B,NA
8VXX,1,C,NA
8VXZ,1,A,NA
8VXZ,1,B,NA
8VXZ,1,C,NA
8VY0,1,A,NA
8VY0,1,B,NA
8VY0,1,C,NA
8VY1,1,A,NA
8VY1,1,B,NA
8VY1,1,C,NA
8X0S,1,A,NA
8X0S,1,B,NA
8XTQ,1,A,NA
8XTS,1,A,NA
8XZE,1,A,NA
8XZK,1,A,NA
8XZL,1,A,NA
8XZM,1,A,NA
8XZN,1,A,NA
8XZO,1,A,NA
8XZP,1,A,NA
8XZQ,1,A,NA
8XZR,1,A,NA
8XZW,1,A,NA
8YAM,1,A,NA
8YAN,1,A,NA
8YNO,1,A,NA
8YNP,1,A,NA
9BUN,1,A,NA
9BUN,1,B,NA
9BUN,1,C,NA
9BUN,1,D,NA
9BZ1,1,A,NA
9BZ1,1,B,NA
9BZC,1,A,NA
9C6I,1,A,NA
9C6J,1,A,NA
9C6K,1,X,NA
9CBU,1,N,NA
9CBW,1,N,NA
9CBX,1,N,NA
9CBY,1,N,NA
9CXF,1,A,NA
9DXL,1,A,NA
9DXL,1,B,NA
9EN6,1,AAA,NA
9EN6,1,DDD,NA
9FN2,1,A,NA
9FN2,1,B,NA
9FN3,1,A,NA
9FN3,1,B,NA
9J6P,1,A,NA
165D,1,1,NA
1D4R,1,1,NA
1DDY,1,1,NA
1DDY,1,1,NA
1DDY,1,1,NA
1DDY,1,1,NA
1DUQ,1,1,NA
1DUQ,1,1,NA
1DUQ,1,1,NA
1DUQ,1,1,NA
1ET4,1,1,NA
1ET4,1,1,NA
1ET4,1,1,NA
1ET4,1,1,NA
1ET4,1,1,NA
1FUF,1,1,NA
1HR2,1,1,NA
1HR2,1,1,NA
1ICG,1,1,NA
1ID9,1,1,NA
1IDW,1,1,NA
1IHA,1,1,NA
1IK5,1,1,NA
1J9H,1,1,NA
1J9H,1,1,NA
1JZV,1,1,NA
1JZV,1,1,NA
1K9W,1,1,NA
1K9W,1,1,NA
1KD3,1,1,NA
1KD5,1,1,NA
1KH6,1,1,NA
1L2X,1,1,NA
1L3D,1,1,NA
1L8V,1,1,NA
1L8V,1,1,NA
1MME,1,1,NA
1MME,1,1,NA
1MSY,1,1,NA
1NLC,1,1,NA
1NTA,1,1,NA
1NTB,1,1,NA
1NUJ,1,1,NA
1NUJ,1,1,NA
1NUJ,1,1,NA
1NUJ,1,1,NA
1NUV,1,1,NA
1NUV,1,1,NA
1NUV,1,1,NA
1NUV,1,1,NA
1NYI,1,1,NA
1O3Z,1,1,NA
1Q29,1,1,NA
1Q93,1,1,NA
1Q93,1,1,NA
1Q93,1,1,NA
1Q96,1,1,NA
1Q96,1,1,NA
1Q96,1,1,NA
1Q9A,1,1,NA
1QBP,1,1,NA
1QBP,1,1,NA
1QBP,1,1,NA
1RXB,1,1,NA
1SA9,1,1,NA
1SAQ,1,1,NA
1SAQ,1,1,NA
1SDR,1,1,NA
1SDR,1,1,NA
1T0D,1,1,NA
1T0D,1,1,NA
1WVD,1,1,NA
1X8W,1,1,NA
1X8W,1,1,NA
1X8W,1,1,NA
1X9C,1,1,NA
1X9C,1,1,NA
1X9K,1,1,NA
1X9K,1,1,NA
1XP7,1,1,NA
1XPE,1,1,NA
1XPF,1,1,NA
1Y3O,1,1,NA
1Y3S,1,1,NA
1Y6S,1,1,NA
1Y6T,1,1,NA
1Y73,1,1,NA
1Y90,1,1,NA
1Y95,1,1,NA
1Y99,1,1,NA
1YKQ,1,1,NA
1YKQ,1,1,NA
1YKV,1,1,NA
1YKV,1,1,NA
1YLS,1,1,NA
1YLS,1,1,NA
1YRM,1,1,NA
1YXP,1,1,NA
1YY0,1,1,NA
1Z43,1,1,NA
1Z79,1,1,NA
1ZCI,1,1,NA
1ZCI,1,1,NA
1ZEV,1,1,NA
1ZFT,1,1,NA
1ZFT,1,1,NA
1ZFV,1,1,NA
1ZFV,1,1,NA
1ZFX,1,1,NA
1ZFX,1,1,NA
1ZX7,1,1,NA
1ZX7,1,1,NA
1ZX7,1,1,NA
1ZX7,1,1,NA
1ZZ5,1,1,NA
1ZZ5,1,1,NA
259D,1,1,NA
280D,1,1,NA
280D,1,1,NA
299D,1,1,NA
2A04,1,1,NA
2A04,1,1,NA
2A0P,1,1,NA
2A2E,1,1,NA
2AO5,1,1,NA
2AO5,1,1,NA
2B57,1,1,NA
2B8R,1,1,NA
2B8S,1,1,NA
2BCY,1,1,NA
2BCY,1,1,NA
2D2K,1,1,NA
2D2K,1,1,NA
2D2L,1,1,NA
2D2L,1,1,NA
2EES,1,1,NA
2EET,1,1,NA
2EEU,1,1,NA
2EEV,1,1,NA
2EEW,1,1,NA
2ET8,1,1,NA
2F4S,1,1,NA
2F4U,1,1,NA
2FCX,1,1,NA
2FCY,1,1,NA
2FCZ,1,1,NA
2FCZ,1,1,NA
2FD0,1,1,NA
2FGP,1,1,NA
2FGP,1,1,NA
2FQN,1,1,NA
2G3S,1,1,NA
2G3S,1,1,NA
2G3S,1,1,NA
2G3S,1,1,NA
2G3S,1,1,NA
2G5K,1,1,NA
2G9C,1,1,NA
2GCS,1,1,NA
2GCV,1,1,NA
2GDI,1,1,NA
2GDI,1,1,NA
2GIS,1,1,NA
2H0W,1,1,NA
2H0X,1,1,NA
2H1M,1,1,NA
2HO6,1,1,NA
2HO7,1,1,NA
2HOJ,1,1,NA
2HOK,1,1,NA
2HOL,1,1,NA
2HOM,1,1,NA
2HOO,1,1,NA
2HOP,1,1,NA
2IL9,1,1,NA
2IL9,1,1,NA
2NOK,1,1,NA
2NOK,1,1,NA
2NPY,1,1,NA
2NPY,1,1,NA
2NPZ,1,1,NA
2NPZ,1,1,NA
2O3W,1,1,NA
2O3X,1,1,NA
2O3Y,1,1,NA
2OE6,1,1,NA
2OE8,1,1,NA
2OIJ,1,1,NA
2OIY,1,1,NA
2OJ0,1,1,NA
2OUE,1,1,NA
2OUE,1,1,NA
2P7D,1,1,NA
2P7D,1,1,NA
2P7E,1,1,NA
2P7E,1,1,NA
2P7F,1,1,NA
2P7F,1,1,NA
2PN3,1,1,NA
2PN4,1,1,NA
2PN4,1,1,NA
2Q1O,1,1,NA
2Q1O,1,1,NA
2QBZ,1,1,NA
2QEK,1,1,NA
2QUS,1,1,NA
2QUS,1,1,NA
2QUW,1,1,NA
2QUW,1,1,NA
2QWY,1,1,NA
2QWY,1,1,NA
2QWY,1,1,NA
2R1S,1,1,NA
2R20,1,1,NA
2R21,1,1,NA
2R22,1,1,NA
2XO0,1,1,NA
2YIE,1,1,NA
300D,1,1,NA
301D,1,1,NA
359D,1,1,NA
379D,1,1,NA
3B31,1,1,NA
3B4A,1,1,NA
3B4B,1,1,NA
3B4C,1,1,NA
3B58,1,1,NA
3B5A,1,1,NA
3B5F,1,1,NA
3B5S,1,1,NA
3B91,1,1,NA
3BBI,1,1,NA
3BBK,1,1,NA
3BBM,1,1,NA
3BNN,1,1,NA
3BNN,1,1,NA
3BNO,1,1,NA
3BNO,1,1,NA
3BNP,1,1,NA
3BNQ,1,1,NA
3BNQ,1,1,NA
3BNR,1,1,NA
3BNR,1,1,NA
3BNS,1,1,NA
3BNS,1,1,NA
3C3Z,1,1,NA
3C44,1,1,NA
3C5D,1,1,NA
3C7R,1,1,NA
3CGP,1,1,NA
3CGQ,1,1,NA
3CQS,1,1,NA
3CR1,1,1,NA
3D0U,1,1,NA
3D0X,1,1,NA
3DIG,1,1,NA
3DIL,1,1,NA
3DIM,1,1,NA
3DIO,1,1,NA
3DIQ,1,1,NA
3DIR,1,1,NA
3DIS,1,1,NA
3DIX,1,1,NA
3DIY,1,1,NA
3DIZ,1,1,NA
3DJ0,1,1,NA
3DJ2,1,1,NA
3DS7,1,1,NA
3DS7,1,1,NA
3DVV,1,1,NA
3DVZ,1,1,NA
3DW4,1,1,NA
3DW5,1,1,NA
3DW6,1,1,NA
3DW7,1,1,NA
3E5C,1,1,NA
3E5E,1,1,NA
3E5F,1,1,NA
3F2Q,1,1,NA
3F2T,1,1,NA
3F2W,1,1,NA
3F2X,1,1,NA
3F2Y,1,1,NA
3F30,1,1,NA
3F4E,1,1,NA
3F4G,1,1,NA
3F4H,1,1,NA
3FAR,1,1,NA
3FO4,1,1,NA
3FO6,1,1,NA
3FU2,1,1,NA
3FU2,1,1,NA
3FU2,1,1,NA
3G4M,1,1,NA
3GAO,1,1,NA
3GER,1,1,NA
3GES,1,1,NA
3GLP,1,1,NA
3GM7,1,1,NA
3GOG,1,1,NA
3GOT,1,1,NA
3GS1,1,1,NA
3GS1,1,1,NA
3GS8,1,1,NA
3GS8,1,1,NA
3GX2,1,1,NA
3GX3,1,1,NA
3GX5,1,1,NA
3GX6,1,1,NA
3GX7,1,1,NA
3I2Q,1,1,NA
3I2R,1,1,NA
3I2S,1,1,NA
3I2U,1,1,NA
3IQN,1,1,NA
3IQP,1,1,NA
3IQR,1,1,NA
3JXQ,1,1,NA
3JXQ,1,1,NA
3K1V,1,1,NA
3MJ3,1,1,NA
3MJA,1,1,NA
3MJB,1,1,NA
3NJ7,1,1,NA
3NJ7,1,1,NA
3NJ7,1,1,NA
3OWW,1,1,NA
3OWW,1,1,NA
3OWZ,1,1,NA
3OWZ,1,1,NA
3OX0,1,1,NA
3OX0,1,1,NA
3OXB,1,1,NA
3OXB,1,1,NA
3OXD,1,1,NA
3OXD,1,1,NA
3OXE,1,1,NA
3OXE,1,1,NA
3OXJ,1,1,NA
3OXJ,1,1,NA
3OXM,1,1,NA
3OXM,1,1,NA
3P22,1,1,NA
3P22,1,1,NA
3P22,1,1,NA
3P22,1,1,NA
3P59,1,1,NA
3R1C,1,1,NA
3R1C,1,1,NA
3R1C,1,1,NA
3R1C,1,1,NA
3R1C,1,1,NA
3RKF,1,1,NA
3RKF,1,1,NA
3RKF,1,1,NA
3RKF,1,1,NA
3S49,1,1,NA
3S49,1,1,NA
3S49,1,1,NA
3S7C,1,1,NA
3SD3,1,1,NA
3SKI,1,1,NA
3SKI,1,1,NA
3SKL,1,1,NA
3SKL,1,1,NA
3SKR,1,1,NA
3SKR,1,1,NA
3SKT,1,1,NA
3SKT,1,1,NA
3SKW,1,1,NA
3SKW,1,1,NA
3SKZ,1,1,NA
3SKZ,1,1,NA
3SLM,1,1,NA
3SLM,1,1,NA
3SLQ,1,1,NA
3SLQ,1,1,NA
3SYW,1,1,NA
3TD0,1,1,NA
3TD1,1,1,NA
405D,1,1,NA
409D,1,1,NA
409D,1,1,NA
409D,1,1,NA
420D,1,1,NA
429D,1,1,NA
429D,1,1,NA
434D,1,1,NA
434D,1,1,NA
435D,1,1,NA
435D,1,1,NA
437D,1,1,NA
439D,1,1,NA
462D,1,1,NA
464D,1,1,NA
464D,1,1,NA
466D,1,1,NA
466D,1,1,NA
480D,1,1,NA
483D,1,1,NA
488D,1,1,NA
4E48,1,1,NA
4E58,1,1,NA
4FE5,1,1,NA
4FEJ,1,1,NA
4FEL,1,1,NA
4FEN,1,1,NA
4FEO,1,1,NA
4FEP,1,1,NA
4G6P,1,1,NA
4G6R,1,1,NA
4G6R,1,1,NA
4G6S,1,1,NA
4IQS,1,1,NA
4IQS,1,1,NA
4JRC,1,1,NA
4JRC,1,1,NA
4L81,1,1,NA
4LVV,1,1,NA
4LVW,1,1,NA
4LVX,1,1,NA
4LVY,1,1,NA
4LVZ,1,1,NA
4LW0,1,1,NA
4MCF,1,1,NA
4MCF,1,1,NA
4MGM,1,1,NA
4MGM,1,1,NA
4MGN,1,1,NA
4MGN,1,1,NA
4MGN,1,1,NA
4MGN,1,1,NA
4MSB,1,1,NA
4MSB,1,1,NA
4MSB,1,1,NA
4MSR,1,1,NA
4NFO,1,1,NA
4NFP,1,1,NA
4NFQ,1,1,NA
4NLF,1,1,NA
4NMG,1,1,NA
4O41,1,1,NA
4O41,1,1,NA
4OQU,1,1,NA
4P3S,1,1,NA
4P3U,1,1,NA
4P43,1,1,NA
4QJD,1,1,NA
4QJD,1,1,NA
4QJD,1,1,NA
4QJD,1,1,NA
4QJH,1,1,NA
4QJH,1,1,NA
4QJH,1,1,NA
4QK8,1,1,NA
4QKA,1,1,NA
4U34,1,1,NA
4U35,1,1,NA
5C45,1,1,NA
5EAO,1,1,NA
5EAQ,1,1,NA
5EW4,1,1,NA
5EW7,1,1,NA
5HN2,1,1,NA
5J02,1,1,NA
5KTJ,1,1,NA
5KTJ,1,1,NA
5KX9,1,1,NA
5UX3,1,1,NA
5UZ6,1,1,NA
5UZ6,1,1,NA
5UZ6,1,1,NA
5V0O,1,1,NA
5V9Z,1,1,NA
5Z71,1,1,NA
5ZEG,1,1,NA
6BMD,1,1,NA
6BMD,1,1,NA
6BMD,1,1,NA
6CHR,1,1,NA
6JQ5,1,1,NA
6QN3,1,1,NA
6UEY,1,1,NA
6UEY,1,1,NA
6UF1,1,1,NA
6UF1,1,1,NA
6UFG,1,1,NA
6UFH,1,1,NA
6UFJ,1,1,NA
6UFJ,1,1,NA
6UFK,1,1,NA
6UFK,1,1,NA
6YL5,1,1,NA
6YL5,1,1,NA
6YL5,1,1,NA
6YL5,1,1,NA
6YL5,1,1,NA
6YL5,1,1,NA
6YLB,1,1,NA
6YLB,1,1,NA
6YLB,1,1,NA
6YLB,1,1,NA
6YLB,1,1,NA
6YLB,1,1,NA
6YMI,1,1,NA
6YMI,1,1,NA
6YMI,1,1,NA
6YMI,1,1,NA
6YMI,1,1,NA
6YMI,1,1,NA
6YMJ,1,1,NA
6YMJ,1,1,NA
6YMJ,1,1,NA
6YMJ,1,1,NA
6YMJ,1,1,NA
6YMJ,1,1,NA
6YMK,1,1,NA
6YMK,1,1,NA
6YMK,1,1,NA
6YMK,1,1,NA
6YMK,1,1,NA
6YMK,1,1,NA
6YML,1,1,NA
6YML,1,1,NA
6YMM,1,1,NA
6YMM,1,1,NA
7EAG,1,1,NA
7EAG,1,1,NA
7EAG,1,1,NA
7EZ2,1,1,NA
7JNH,1,1,NA
7JRT,1,1,NA
7KGA,1,1,NA
7Q82,1,1,NA
7QTN,1,1,NA
7XD6,1,1,NA
7YCG,1,1,NA
7YCH,1,1,NA
7YCI,1,1,NA
7YGA,1,1,NA
7YGB,1,1,NA
7YGC,1,1,NA
8AMG,1,1,NA
8AMG,1,1,NA
8AMI,1,1,NA
8AMM,1,1,NA
8FER,1,1,NA
8K0P,1,1,NA
8K0S,1,1,NA
8PFQ,1,1,NA
8QMH,1,1,NA
8QMI,1,1,NA
8SA2,1,1,NA
8SA5,1,1,NA
8SX6,1,1,NA
8X9K,1,1,NA
8X9L,1,1,NA
8X9M,1,1,NA
8X9N,1,1,NA
8X9O,1,1,NA
8X9Q,1,1,NA
8XTP,1,1,NA
8XTR,1,1,NA
8Z8U,1,1,NA
8Z9K,1,1,NA
8ZA0,1,1,NA
8ZA0,1,1,NA
8ZA0,1,1,NA
8ZA4,1,1,NA
8ZA4,1,1,NA
8ZA4,1,1,NA
8ZAU,1,1,NA
9DE6,1,1,NA
9DE6,1,1,NA
9DE7,1,1,NA
9DE8,1,1,NA
9G7C,1,5,NA
9IS7,1,1,NA
9ISV,1,1,NA
9J3T,1,1,NA
9J3T,1,1,NA
9J6Y,1,1,NA
9J6Y,1,1,NA
9J6Y,1,1,NA
9J6Y,1,1,NA
9J6Y,1,1,NA
9J6Y,1,1,NA
9KPH,1,1,NA
9KPO,1,1,NA
9LCR,1,1,NA
9LMF,1,1,NA
9LMF,1,1,NA
9LMF,1,1,NA
9LMF,1,1,NA
9LMF,1,1,NA
9LMF,1,1,NA
9LMF,1,1,NA
9LMF,1,1,NA
9LMF,1,1,NA
9LMF,1,1,NA
