157D,1,A-B,
1EHZ,1,A,
1EVV,1,A,
1FG0,1,A,
1FIR,1,A,
1FOQ,1,A,
1FOQ,1,B,
1FOQ,1,C,
1FOQ,1,D,
1FOQ,1,E,
1GID,1,A,
1GID,1,B,
1I9V,1,A,
1J6S,1,A,
1J6S,1,D,
1J7T,1,A-B,
1J8G,1,A,
1J8G,1,B,
1J8G,1,C,
1J8G,1,D,
1LC4,1,A-B,
1MWL,1,A-B,
1NBS,1,A,
1NBS,1,B,
1NJN,1,0,
1NJO,1,0,
1O9M,1,A-B,
1P9X,1,0,
1SA9,1,C-D,
1TN1,1,A,
1TN2,1,A,
1TRA,1,A,
1VTQ,1,A,
1Y0Q,1,A,
1Y26,1,X,
1Y27,1,X,
1YFG,1,A,
1YRJ,1,A-B,
1Z58,1,2,
2BE0,1,A-B,
2BEE,1,A-B,
2BJ6,1,E,
2BJ6,1,F,
2BJ6,1,G,
2BJ6,1,H,
2CKY,1,A,
2CKY,1,B,
2ESI,1,A-B,
2ESJ,1,A-B,
2ET3,1,A-B,
2ET4,1,A-B,
2ET5,1,A-B,
2F4T,1,B-A,
2JLT,1,A,
2N0R,1,A,
2O43,1,A,
2O44,1,A,
2O45,1,A,
2PWT,1,A-B,
2Q1R,1,A,
2TRA,1,A,
2V6W,1,A-B,
2V7R,1,A-B,
2VAL,1,A-C,
2VAL,1,B-D,
2VUQ,1,A-B,
2W89,1,A-B,
2W89,1,C-D,
2XNW,1,A,
2XNZ,1,A,
2XO1,1,A,
2XSL,1,A-B,
2XSL,1,C-D,
2YDH,1,A,
2YGH,1,A,
2YIF,1,Z-X,
364D,1,C-B-A,
3A3A,1,A,
3B4A,1,B,
3B4B,1,B,
3B4C,1,B,
3BNL,1,A-B,
3BWP,1,A,
3CW5,1,A,
3CW6,1,A,
3D2G,1,A,
3D2G,1,B,
3D2V,1,A,
3D2V,1,B,
3D2X,1,A,
3D2X,1,B,
3EOG,1,A,
3EOH,1,A,
3FWO,1,A,
3FWO,1,B,
3G78,1,A,
3GCA,1,A,
3GLP,1,C-D,
3GLP,1,E,
3IGI,1,A,
3IVN,1,A,
3IVN,1,B,
3JQ4,1,A,
3JQ4,1,B,
3JXR,1,A-B,
3JXR,1,K,
3L0U,1,A,
3LA5,1,A,
3MIJ,1,A,
3NPN,1,A,
3NPQ,1,A,
3NPQ,1,B,
3NPQ,1,C,
3OWI,1,A,
3OWI,1,B,
3P4C,1,B,
3PDR,1,A,
3PDR,1,X,
3Q3Z,1,A,
3Q3Z,1,V,
3Q50,1,A,
3Q51,1,A,
3R1C,1,a-b,
3R1C,1,E-F,
3R1C,1,G-H,
3R1C,1,i-j,
3R1C,1,M-N,
3R1C,1,O-P,
3R1C,1,Q-R,
3R1C,1,S-Y,
3R1C,1,T-U,
3R1C,1,V-Z,
3R1D,1,A-B,
3R1D,1,C-D,
3R1D,1,E,
3RG5,1,A,
3RG5,1,B,
3S4P,1,A-B,
3S8U,1,A,
3SUH,1,X,
3SUX,1,X,
3SUY,1,X,
3TRA,1,A,
3TZR,1,A-B,
3VRS,1,A,
3WRU,1,A-B,
430D,1,A,
4AOB,1,A,
4B5R,1,A,
4C40,1,A,
4CS1,1,A,
4DS6,1,A,
4E59,1,A-B,
4E8K,1,A,
4E8M,1,A,
4E8N,1,A,
4E8P,1,A,
4E8Q,1,A,
4E8R,1,A,
4E8T,1,A,
4E8V,1,A,
4EN5,1,A,
4ENA,1,A,
4ENB,1,A,
4ENC,1,A,
4ERJ,1,A,
4ERL,1,A,
4F8U,1,A-B,
4F8V,1,A-B,
4FAQ,1,A,
4FAR,1,A,
4FAU,1,A,
4FAW,1,A,
4FAX,1,A,
4FB0,1,A,
4FNJ,1,A,
4FRG,1,B,
4FRG,1,X,
4FRN,1,A,
4FRN,1,B,
4GMA,1,Z,
4GPW,1,A-B,
4GPX,1,A-B,
4GPY,1,A-B,
4J50,1,A-B,
4JAB,1,A-B,
4JAH,1,A-B,
4JAH,1,C-D,
4JAH,1,E-F,
4JF2,1,A,
4K31,1,B-C,
4K32,1,A-B,
4KQY,1,A,
4LX5,1,A,
4LX6,1,A,
4MCE,1,B-A,
4MCE,1,D-C,
4MCF,1,F-E,
4MCF,1,H-G,
4NXH,1,A,
4NYA,1,A,
4NYA,1,B,
4NYB,1,A,
4NYC,1,A,
4NYD,1,A,
4NYG,1,A,
4P20,1,A-B,
4P3T,1,A-B,
4P3U,1,C-D,
4P5J,1,A,
4P8Z,1,A,
4P97,1,A-B,
4P97,1,C-D,
4P9R,1,A,
4PCJ,1,A,
4PCO,1,A-B,
4PCO,1,C-D,
4PCO,1,E,
4PDQ,1,A-B,
4PHY,1,A-B,
4PLX,1,A,
4PLX,1,B,
4PLX,1,C,
4PQV,1,A,
4QLM,1,A,
4QLN,1,A,
4R0D,1,A,
4R4P,1,A,
4R4V,1,A,
4RBQ,1,A,
4RBY,1,A,
4RBZ,1,A,
4RC0,1,A,
4RGE,1,A,
4RGE,1,B,
4RGE,1,C,
4RGF,1,A,
4RGF,1,B,
4RGF,1,C,
4RJ1,1,A,
4RJ1,1,B,
4RKV,1,A,
4RKV,1,B,
4RNE,1,A,
4RNE,1,B,
4RNE,1,C,
4RNE,1,D,
4RNE,1,E,
4RNE,1,F,
4RNE,1,G,
4RNE,1,H,
4RUM,1,A,
4RZD,1,A,
4TNA,1,A,
4TRA,1,A,
4TS0,1,Y-X,
4TS2,1,Y-X,
4TZX,1,X,
4TZY,1,X,
4U37,1,A-B,
4U38,1,A-B,
4U38,1,C-D,
4U38,1,E-F,
4U38,1,G-H,
4U3L,1,A-B,
4U3O,1,A-B,
4U3P,1,A-B,
4U3R,1,A-B,
4U47,1,A-B,
4U78,1,A-B,
4WFL,1,A,
4WFM,1,A,
4WFM,1,B,
4XNR,1,X,
4XW0,1,A-B,
4XW1,1,C,
4XW7,1,A,
4XWF,1,A,
4Y1I,1,A,
4Y1I,1,B,
4Y1J,1,A,
4Y1J,1,B,
4Y1M,1,A,
4Y1M,1,B,
4Y1N,1,A,
4Y1N,1,B,
4Y1O,1,A,
4Y1O,1,B,
4Y27,1,A,
4YAZ,1,A,
4YAZ,1,R,
4YB0,1,A,
4YB0,1,R,
4YN6,1,A-B,
4ZC7,1,A-B,
4ZC7,1,C-D,
4ZNP,1,A,
4ZNP,1,B,
5AY2,1,A-B,
5AY2,1,C-D,
5AY3,1,A-B,
5AY4,1,A-B,
5BJO,1,E,
5BJO,1,Y,
5BJP,1,E,
5BJP,1,Y,
5BTM,1,A,
5BTM,1,B,
5BTP,1,A,
5BTP,1,B,
5C5W,1,A,
5C7U,1,B,
5C7W,1,C,
5CNR,1,A-B,
5CNR,1,E-F,
5D5L,1,A,
5D5L,1,B,
5D5L,1,C,
5D5L,1,D,
5D8T,1,A-B,
5D99,1,A,
5DA6,1,A,
5DER,1,A-B,
5DER,1,C-D,
5DHB,1,A-B,
5DHB,1,C-D,
5DHC,1,A-B,
5DHC,1,C-D,
5DUN,1,A,
5E54,1,A,
5E54,1,B,
5EAO,1,A,
5EAQ,1,A,
5FJ0,1,A-B,
5FJ0,1,C,
5FJ1,1,A,
5FJ1,1,B,
5FJ1,1,C,
5FJ1,1,D,
5FJ1,1,E,
5FJ1,1,F,
5FJ1,1,G,
5FJ1,1,H,
5FJC,1,A,
5FK1,1,A,
5FK2,1,A,
5FK3,1,A,
5FK4,1,A,
5FK5,1,A,
5FK6,1,A,
5FKD,1,A,
5FKE,1,A,
5FKF,1,A,
5FKG,1,A,
5FKH,1,A,
5G4T,1,A-B,
5HBW,1,A-B,
5HBX,1,A-B,
5HBX,1,C-D,
5HBY,1,A,
5HN2,1,C-D,
5HN2,1,E-F,
5HNJ,1,A-B,
5HNJ,1,C-D,
5HNJ,1,E-F,
5HNQ,1,A-B,
5HNQ,1,C-D,
5HNQ,1,E-F,
5HNQ,1,G-H,
5HNQ,1,I-J,
5HNQ,1,K-L,
5HNQ,1,M,
5J01,1,A,
5K8H,1,A,
5KPY,1,A,
5KRG,1,A-B,
5KRG,1,C-D,
5KTJ,1,A,
5KTJ,1,C,
5KVJ,1,A-B,
5L00,1,A-B,
5L00,1,C-D,
5L4O,1,A,
5LQO,1,A-B,
5LQT,1,A-B,
5LR3,1,A-B,
5LR4,1,A-B,
5LR4,1,C-D,
5LR5,1,A-B,
5LR5,1,C-D,
5LYS,1,A,
5LYS,1,B,
5LYU,1,A,
5LYU,1,B,
5LYV,1,A,
5LYV,1,B,
5M0H,1,A,
5ML7,1,A,
5ML7,1,B,
5MRX,1,A,
5MWI,1,A,
5NDH,1,A,
5NDH,1,B,
5NDH,1,C,
5NDH,1,D,
5NDI,1,A,
5NDI,1,B,
5NDI,1,C,
5NDI,1,D,
5NEF,1,A,
5NEO,1,A,
5NEP,1,A,
5NEQ,1,A,
5NEX,1,A,
5NOM,1,A,
5NQI,1,A,
5NWQ,1,A,
5NWQ,1,B,
5NXT,1,U,
5NY8,1,A,
5NY8,1,B,
5NZ3,1,A,
5NZ3,1,B,
5NZ6,1,A,
5NZD,1,A,
5NZD,1,B,
5O62,1,A,
5O62,1,B,
5O69,1,A,
5O69,1,B,
5OB3,1,A,
5SWD,1,A,
5SWD,1,B,
5SWE,1,X,
5T3K,1,A-B,
5T3K,1,C-D,
5T83,1,A,
5TDJ,1,A,
5TDJ,1,B,
5TDK,1,A-B,
5TKO,1,A-B,
5TKO,1,C-D,
5TPY,1,A,
5U3G,1,B,
5UED,1,A-B,
5UEE,1,A-B,
5UEF,1,A-B,
5UEF,1,C,
5UEF,1,D,
5UEG,1,A-B,
5UEG,1,C-D,
5UNE,1,A-B,
5UX3,1,A,
5UZ6,1,A,
5UZ6,1,C,
5UZ6,1,E,
5UZA,1,X,
5V0H,1,A-B,
5V0J,1,A-B,
5V0K,1,A,
5V0O,1,A,
5V1K,1,A-B,
5V3F,1,A,
5V3F,1,B,
5V3I,1,A,
5V9Z,1,A,
5VCF,1,A-B,
5VCI,1,A-B,
5VGW,1,A-B,
5VJ9,1,A,
5VJ9,1,B,
5VJ9,1,C,
5VJ9,1,D,
5VJB,1,A,
5VJB,1,B,
5VJB,1,C,
5VJB,1,D,
5VR4,1,A-B,
5VR4,1,C-D,
5XWG,1,A,
5XZ1,1,A-B,
5XZ1,1,C-D,
5Z1H,1,B-A,
5Z1I,1,A,
5ZEG,1,A-B-C,
5ZEI,1,A-B,
5ZEJ,1,A-B,
5ZEM,1,A-B,
6AZ4,1,A,
6BFB,1,Y-X,
6BGB,1,A-B,
6BGB,1,C,
6BJX,1,A,
6BJX,1,B,
6BMD,1,A,
6BMD,1,C,
6BMD,1,E,
6C27,1,A,
6C27,1,B,
6C63,1,A,
6C63,1,B,
6C63,1,C,
6C64,1,A,
6C64,1,B,
6C64,1,D,
6C65,1,A,
6C65,1,B,
6C65,1,C,
6C8D,1,A-B,
6C8E,1,A-B,
6C8I,1,A-B,
6C8J,1,A-B,
6C8K,1,A-B,
6C8L,1,A-B,
6C8M,1,A-B,
6C8N,1,A-B,
6C8O,1,A-B,
6CAB,1,A-B,
6CB3,1,A,
6CB3,1,B,
6CC1,1,A,
6CC1,1,B,
6CC3,1,A,
6CC3,1,B,
6CIH,1,A,
6CK4,1,A,
6CK4,1,B,
6CK4,1,C,
6CK4,1,D,
6CK5,1,A,
6CK5,1,B,
6CU1,1,A,
6CXZ,1,A-B,
6CY0,1,A-B,
6CY0,1,C-D,
6CY0,1,E-F,
6CY0,1,G-H,
6CY2,1,A-B,
6CY4,1,A-B,
6CY4,1,C-D,
6CY4,1,E-F,
6CY4,1,G-H,
6D3P,1,A,
6D8L,1,A,
6D8L,1,B,
6D8M,1,A,
6D8M,1,B,
6D8N,1,A,
6D8N,1,B,
6D8O,1,A,
6D8O,1,B,
6DLQ,1,A,
6DLR,1,A,
6DLS,1,A,
6DLT,1,A,
6DMC,1,A,
6DMC,1,B,
6DMD,1,A,
6DMD,1,B,
6DME,1,A,
6DN1,1,Z-X,
6DN2,1,Y-X,
6DN3,1,Y-X,
6DNR,1,A,
6DVK,1,H,
6E1S,1,A,
6E1T,1,A,
6E1U,1,A,
6E1V,1,A,
6E1W,1,A,
6E7L,1,A,
6E80,1,A,
6E81,1,A,
6E82,1,A,
6E84,1,A,
6E8S,1,A,
6E8S,1,B,
6E8T,1,A,
6E8T,1,B,
6E8T,1,C,
6E8T,1,D,
6E8U,1,B,
6FZ0,1,A,
6G7Z,1,A-B,
6GYV,1,A,
6H0R,1,A,
6H0R,1,B,
6HBT,1,A,
6HBX,1,A,
6HC5,1,A,
6HU6,1,A-E,
6HU6,1,B-F,
6IA2,1,A-B,
6JBF,1,A-B,
6JBF,1,C-D,
6JBG,1,A-B,
6JBG,1,C-D,
6JJH,1,B,
6JJI,1,B,
6JQ6,1,U,
6JXM,1,B,
6L0Y,1,A,
6L0Y,1,B,
6MJ0,1,A,
6MJ0,1,B,
6N2V,1,A,
6N2V,1,B,
6N5K,1,A,
6N5N,1,A,
6N5O,1,A,
6N5P,1,A,
6N5Q,1,A,
6N5S,1,A,
6N5T,1,A,
6OL3,1,C,
6OWL,1,A,
6OWL,1,B,
6OWL,1,C,
6P2H,1,A,
6PMO,1,A,
6PMO,1,B,
6PQ7,1,C,
6PRV,1,A,
6PRV,1,B,
6PRV,1,C,
6PRV,1,D,
6Q57,1,A,
6Q8V,1,A,
6QIQ,1,A-B,
6QIR,1,A-B,
6QIR,1,C-D,
6QIS,1,A-B-C-D,
6QIS,1,E-F,
6QIS,1,G-H,
6QIT,1,A-B,
6QIT,1,C-D,
6QIV,1,A,
6R47,1,A,
6SVS,1,A,
6SVS,1,B,
6T3K,1,A,
6T3N,1,A,
6T3R,1,A,
6T3S,1,A,
6TB7,1,A,
6TF0,1,A,
6TF1,1,A,
6TF2,1,A,
6TF3,1,A,
6TFE,1,A,
6TFF,1,A,
6TFG,1,A,
6TFH,1,A,
6TNA,1,A,
6U6J,1,A-B,
6U7Y,1,A-B,
6U7Z,1,A-B,
6U89,1,A-B,
6U8F,1,A-B,
6U8U,1,A-B,
6UBU,1,B,
6UC7,1,B,
6UC8,1,B,
6UC9,1,B,
6UES,1,A,
6UEY,1,A,
6UEY,1,C,
6UF1,1,A,
6UF1,1,C,
6UFJ,1,A,
6UFJ,1,C,
6UFK,1,A,
6UFK,1,C,
6UFM,1,A,
6UFM,1,B,
6UGG,1,A,
6UGG,1,B,
6UGI,1,A,
6UGJ,1,A,
6UP0,1,C,
6UP0,1,D,
6V9B,1,B-D,
6V9D,1,B-E,
6VEM,1,A-B,
6VMY,1,A,
6VUH,1,A,
6VUI,1,A,
6VWT,1,A,
6VWT,1,B,
6VWV,1,A,
6VWV,1,B,
6WJR,1,X,
6WJS,1,X,
6WTL,1,A,
6WTR,1,A,
6WY2,1,A,
6WY2,1,B-C,
6WY2,1,D-E,
6WY3,1,A-B,
6WY3,1,C-D,
6WZR,1,A,
6WZR,1,B,
6WZS,1,A,
6WZS,1,B,
6XKN,1,A,
6XKO,1,A,
6XRQ,1,A,
6XRQ,1,B,
6XUR,1,A,
6XUS,1,A,
6Y0T,1,A,
6Y0T,1,B,
6Y0Y,1,A,
6Y3G,1,F,
6YL5,1,A,
6YL5,1,C,
6YL5,1,E,
6YL5,1,G,
6YL5,1,I,
6YL5,1,K,
6YLB,1,A,
6YLB,1,C,
6YLB,1,F,
6YLB,1,I,
6YLB,1,M,
6YLB,1,O,
6YMC,1,A,
6YMC,1,B,
6YMI,1,A,
6YMI,1,C,
6YMI,1,F,
6YMI,1,I,
6YMI,1,M,
6YMI,1,O,
6YMJ,1,A,
6YMJ,1,C,
6YMJ,1,F,
6YMJ,1,I,
6YMJ,1,M,
6YMJ,1,O,
6YMK,1,A,
6YMK,1,C,
6YMK,1,F,
6YMK,1,I,
6YMK,1,M,
6YMK,1,O,
6YML,1,A,
6YML,1,C,
6YMM,1,A,
6YMM,1,C,
6Z18,1,A-B,
6ZPF,1,K-L,
6ZQ9,1,K-L,
6ZR1,1,K-L,
6ZRL,1,M-N,
6ZRS,1,K-L,
6ZW3,1,M-N,
6ZWU,1,M-N,
6ZX5,1,K-L,
6ZX8,1,K-L,
6ZXZ,1,A,
6ZXZ,1,B,
6ZXZ,1,C,
6ZYB,1,A,
7A9L,1,M-N,
7A9N,1,K-L,
7A9O,1,K-L,
7A9P,1,M-N,
7A9Q,1,K-L,
7A9R,1,M-N,
7A9S,1,K-L,
7A9T,1,K-L,
7D7W,1,A,
7D7X,1,A,
7D7Y,1,A,
7D7Z,1,A,
7D81,1,A,
7D82,1,A,
7E9E,1,A,
7E9I,1,A,
7EAF,1,A,
7ECJ,1,A-B,
7ECJ,1,C,
7ECK,1,A-B,
7ECK,1,C-D,
7ECK,1,E-F,
7ECK,1,G-H,
7ECK,1,I-J,
7ECK,1,K-L,
7ECL,1,A-B,
7ECL,1,C-D,
7ECL,1,E-F,
7ECL,1,G-H,
7ECL,1,I-J,
7ECL,1,K-L,
7ECM,1,A-B,
7ECM,1,C-D,
7ECN,1,A-B,
7ECN,1,C-D,
7ECO,1,A-B,
7ECO,1,C-D,
7ECO,1,E-F,
7ECP,1,A-B,
7ECP,1,C-D,
7EDL,1,A-B,
7EDM,1,A-B,
7EDN,1,A,
7EDT,1,A-B,
7EDU,1,A-B,
7EDU,1,C-D,
7EEM,1,A,
7EFG,1,A,
7EFH,1,A,
7EI7,1,A-B,
7EI8,1,A-B,
7EI8,1,C-D,
7EI9,1,A-B,
7EIA,1,A-B,
7EIA,1,C-D,
7EIA,1,E-F,
7EIA,1,G-H,
7ELP,1,A,
7ELP,1,B,
7ELQ,1,A,
7ELQ,1,B,
7ELR,1,A,
7ELR,1,B,
7ELS,1,A,
7ELS,1,B,
7EOG,1,A,
7EOH,1,A,
7EOI,1,A,
7EOJ,1,A,
7EOK,1,A,
7EOL,1,A,
7EOM,1,A,
7EON,1,A,
7EOO,1,A,
7EOP,1,A,
7EQJ,1,A,
7EQJ,1,B,
7EZ0,1,N,
7F8Z,1,A-B,
7F8Z,1,C-D,
7F8Z,1,E-F,
7F8Z,1,G-H,
7F8Z,1,I-J,
7JJD,1,A,
7JJE,1,A,
7JJU,1,A-B,
7JRR,1,A,
7JRS,1,B-A,
7K16,1,P,
7KD1,1,A,
7KJU,1,A,
7KUK,1,A-B,
7KUM,1,A-B,
7KUN,1,A-B,
7KUO,1,A-B,
7KUP,1,A-B,
7KVT,1,B,
7KVU,1,G,
7KVV,1,D,
7L0Z,1,G,
7L3R,1,A,
7LNE,1,A-B,
7LNF,1,A-B,
7LNG,1,A-B,
7LO9,1,A-B,
7LO9,1,C-D,
7LYF,1,A,
7LYG,1,A,
7LYJ,1,A,
7M3V,1,A,
7MKT,1,A,
7MKY,1,A,
7MLW,1,F,
7OA3,1,A,
7OA3,1,B,
7OAV,1,A,
7OAV,1,B,
7OAV,1,C,
7OAV,1,D,
7OAW,1,A,
7OAW,1,B,
7OAW,1,C,
7OAW,1,D,
7OAX,1,A,
7OAX,1,B,
7OAX,1,C,
7OAX,1,D,
7OUO,1,AAA-BBB,
7Q7X,1,B-C-A,
7Q7Y,1,B-C-A,
7Q7Z,1,B-C-A,
7Q7Z,1,E-F-D,
7Q80,1,B-C-A,
7Q80,1,E-F-D,
7Q81,1,B-C-A,
7QP2,1,A,
7QSH,1,A,
7QUA,1,A,
7REX,1,A,
7REX,1,B,
7REX,1,C,
7SXP,1,A,
7TD7,1,A,
7TDA,1,A,
7TDB,1,A,
7TDC,1,A,
7TZR,1,X,
7TZR,1,Y,
7TZS,1,X,
7TZS,1,Y,
7TZT,1,A,
7TZU,1,A,
7U4A,1,A,
7U87,1,A-B,
7U88,1,A-B,
7U89,1,A-B,
7U8A,1,A-B,
7U8B,1,A-B,
7UCR,1,A,
7UQ6,1,B,
7UR5,1,v,
7UR5,1,w,
7UR5,1,y,
7URI,1,y,
7URM,1,v,
7UVT,1,A,
7UZ0,1,A,
7V9E,1,A,
7VFT,1,A,
7VNV,1,A,
7VNV,1,B,
7VNW,1,A,
7VNW,1,B,
7WI9,1,V,
7WIA,1,V,
7WIB,1,V,
7WIE,1,V,
7WIF,1,V,
7WII,1,V,
7XD4,1,N,
7XD5,1,N,
7XD7,1,N,
7XSK,1,N,
7XSL,1,N,
7XSN,1,N,
7Y2B,1,S,
7Y2P,1,A-B,
7Y8P,1,A-B,
7YG8,1,N,
7YG9,1,N,
7YGD,1,N,
7ZFW,1,L5,
8AMG,1,A-B,
8AMG,1,C-D,
8AMG,1,E-F,
8AMG,1,K-L,
8AMJ,1,A-B,
8AMK,1,a-b,
8AMK,1,C-D,
8AMK,1,E-F,
8AMK,1,G-H,
8AMK,1,I-J,
8AMK,1,K-L,
8AMK,1,M-N,
8AMK,1,O-P,
8AMK,1,Q-R,
8AMK,1,S-T,
8AMK,1,U-V,
8AMK,1,Y-Z,
8AML,1,A-B,
8AML,1,c-d,
8AML,1,E-F,
8AML,1,G-H,
8AML,1,I-J,
8AML,1,K-L,
8AML,1,M-N,
8AML,1,O-P,
8AML,1,Q-R,
8AML,1,S-T,
8AML,1,U-V,
8AML,1,Y-Z,
8AMM,1,a-b,
8AMM,1,c-d,
8AMM,1,E-F,
8AMM,1,G-H,
8AMM,1,I-J,
8AMM,1,K-L,
8AMM,1,M-N,
8AMM,1,O-P,
8AMM,1,Q-R,
8AMM,1,S-T,
8AMM,1,U-V,
8AMN,1,a-b,
8AMN,1,C-D,
8AMN,1,E-F,
8AMN,1,G-H,
8AMN,1,I-J,
8AMN,1,K-L,
8AMN,1,M-N,
8AMN,1,O-P,
8AMN,1,Q-R,
8AMN,1,S-T,
8AMN,1,U-V,
8AMN,1,Y-Z,
8D28,1,A,
8D28,1,B,
8D2A,1,A,
8D2A,1,B,
8D2B,1,A,
8D2B,1,B,
8D5L,1,A,
8D5L,1,B,
8D5L,1,C,
8D5L,1,D,
8D5O,1,A,
8D5O,1,B,
8EYU,1,A,
8EYU,1,B,
8EYV,1,A,
8EYV,1,B,
8EYW,1,A,
8EYW,1,B,
8F0N,1,A,
8F0N,1,B,
8F4O,1,A,
8F4O,1,B,
8FB3,1,A,
8FB3,1,B,
8FB3,1,C,
8FEO,1,AAA,FIti1KO
8FEP,1,AAA,QLRDh44
8FEQ,1,AAA,klJcQC1
8FZA,1,A,
8FZA,1,B,
8HB1,1,B-A,
8HB3,1,B-A,
8HB8,1,A,
8HBA,1,A,
8HBA,1,B,
8HD6,1,N,
8HD7,1,N,
8HZD,1,A,
8HZD,1,B,
8HZE,1,A,
8HZE,1,B,
8HZF,1,A,
8HZF,1,B,
8HZJ,1,A,
8HZJ,1,B,
8HZK,1,A,
8HZK,1,B,
8HZL,1,A,
8HZL,1,B,
8HZM,1,A,
8HZM,1,B,
8I3Z,1,B-A,
8I7N,1,N,
8ITS,1,A,
8K0P,1,A,
8K0P,1,C,
8K0S,1,A,
8K0S,1,C,
8K0Y,1,A,
8K0Y,1,B,
8K15,1,C,
8K1E,1,A,
8K2Z,1,A,
8K2Z,1,B,
8K30,1,A,
8K30,1,B,
8K7W,1,A,
8K85,1,A-B,
8KEB,1,A,
8KED,1,A,
8KHH,1,A,
8KHH,1,B,
8OLS,1,A,
8OLV,1,A,
8OLW,1,A,
8OLY,1,A,
8OLZ,1,A,
8OM0,1,A,
8PFK,1,A,xn9aGRB
8Q6N,1,A,
8QMH,1,B-A,
8QMI,1,A-B,
8RUI,1,A,
8RUJ,1,A,
8RUL,1,A,
8RUM,1,A,
8RUN,1,A,
8S95,1,C,
8SA3,1,A,
8SA3,1,B,
8SA4,1,A-B,
8SP9,1,C,
8SWG,1,A-B,
8SWO,1,A-B,
8SX5,1,A-B,
8SXL,1,A-B,
8SY1,1,A-B,
8SY1,1,C-D,
8SYK,1,A,
8SYK,1,B,
8SYK,1,C,
8SYK,1,D,
8T5O,1,A,
8TDY,1,A,
8TDZ,1,A,
8TE0,1,A,
8TE2,1,A,
8TJQ,1,N,
8TJU,1,A,
8TJV,1,A,
8TJX,1,N,
8TKJ,1,A,
8TKK,1,A,
8TOZ,1,A,
8TQX,1,A-D,
8TSV,1,A-B,
8TSV,1,C-D,
8U5J,1,A,
8U5K,1,A,
8U5K,1,B,
8U5K,1,C,
8U5P,1,A,
8U5P,1,B,
8U5P,1,C,
8U5R,1,A,
8U5R,1,B,
8U5R,1,C,
8U5T,1,A,
8U5T,1,B,
8U5T,1,C,
8U5Z,1,A,
8U5Z,1,B,
8U5Z,1,C,
8U60,1,A,
8U60,1,B,
8U60,1,C,
8UO6,1,A,
8UO6,1,B,
8UPT,1,A,kZpAf1v
8UPY,1,C,
8UTG,1,A,
8UTG,1,B,
8V1H,1,A,
8V1I,1,A,
8V1I,1,B,
8VAW,1,A-B,
8VAX,1,AAA-BBB,
8VFS,1,A-B,
8VJT,1,A,
8VJT,1,B,
8VPV,1,A,
8VT5,1,A,
8VXX,1,A,
8VXX,1,B,
8VXX,1,C,
8VXZ,1,A,
8VXZ,1,B,
8VXZ,1,C,
8VY0,1,A,
8VY0,1,B,
8VY0,1,C,
8VY1,1,A,
8VY1,1,B,
8VY1,1,C,
8X0S,1,A,
8X0S,1,B,
8XTQ,1,A,
8XTS,1,A,
8XZE,1,A,
8XZK,1,A,
8XZL,1,A,
8XZM,1,A,
8XZN,1,A,
8XZO,1,A,
8XZP,1,A,
8XZQ,1,A,
8XZR,1,A,
8XZW,1,A,
8YAM,1,A,
8YAN,1,A,
8YNO,1,A-B,
8YNP,1,A-B,
9BUN,1,A,
9BUN,1,B,
9BUN,1,C,
9BUN,1,D,
9BZ1,1,A,
9BZ1,1,B,
9BZC,1,A,
9C6I,1,A,
9C6J,1,A,
9C6K,1,X,
9CBU,1,N,
9CBW,1,N,
9CBX,1,N,
9CBY,1,N,
9CXF,1,A,
9DXL,1,A,
9DXL,1,B,
9EN6,1,AAA-BBB,
9EN6,1,DDD-CCC,
9FN2,1,A,
9FN2,1,B,
9FN3,1,A,
9FN3,1,B,
9J6P,1,A-B,
165D,1,A-B,
1D4R,1,A-B,
1D4R,1,C,
1DDY,1,A,
1DDY,1,C,
1DDY,1,E,
1DDY,1,G,
1DUQ,1,A-B,
1DUQ,1,C-D,
1DUQ,1,E-F,
1DUQ,1,G-H,
1ET4,1,A,
1ET4,1,B,
1ET4,1,C,
1ET4,1,D,
1ET4,1,E,
1FG0,1,B,
1FUF,1,A-B,
1HR2,1,A,
1HR2,1,B,
1ICG,1,A-B,
1ID9,1,A-B,
1IDW,1,A-B,
1IHA,1,A-B,
1IK5,1,A-B,
1J6S,1,B,
1J6S,1,C,
1J9H,1,A-B,
1J9H,1,C-D,
1JZV,1,A-B,
1JZV,1,C-D,
1K9W,1,A-B,
1K9W,1,C-D,
1KD3,1,A-B,
1KD5,1,A-B,
1KH6,1,A,
1L2X,1,A,
1L3D,1,A,
1L3Z,1,A,
1L3Z,1,B,
1L8V,1,A,
1L8V,1,B,
1MDG,1,A,
1MME,1,A-B,
1MME,1,C-D,
1MSY,1,A,
1N7A,1,A,
1N7A,1,B,
1N7A,1,C,
1N7A,1,D,
1N7A,1,E,
1N7A,1,F,
1N7A,1,G,
1N7A,1,H,
1N7B,1,A,
1N7B,1,B,
1N7B,1,C,
1N7B,1,D,
1N7B,1,E,
1N7B,1,F,
1N7B,1,G,
1N7B,1,H,
1NJO,1,5,
1NLC,1,A-B,
1NTA,1,A-B,
1NTB,1,A-B,
1NUJ,1,A-B,
1NUJ,1,C-D,
1NUJ,1,E-F,
1NUJ,1,G-H,
1NUV,1,A-B,
1NUV,1,C-D,
1NUV,1,E-F,
1NUV,1,G-H,
1NYI,1,A-B,
1O3Z,1,A-B,
1OSU,1,A,
1Q29,1,A-B,
1Q93,1,A,
1Q93,1,B,
1Q93,1,C,
1Q96,1,A,
1Q96,1,B,
1Q96,1,C,
1Q9A,1,A,
1QBP,1,A-B,
1QBP,1,C-D,
1QBP,1,E-F,
1RXA,1,A,
1RXB,1,A-B,
1SA9,1,A-B,
1SA9,1,E,
1SAQ,1,A-B,
1SAQ,1,C-D,
1SAQ,1,E,
1SDR,1,A-B,
1SDR,1,C-D,
1T0D,1,A-B,
1T0D,1,C-D,
1WVD,1,A-B,
1X8W,1,A,
1X8W,1,B,
1X8W,1,D,
1X9C,1,A-B,
1X9C,1,C-D,
1X9K,1,A-B,
1X9K,1,C-D,
1XP7,1,A-B,
1XPE,1,A-B,
1XPF,1,A-B,
1Y3O,1,A-B,
1Y3S,1,A-B,
1Y6S,1,A-B,
1Y6T,1,A-B,
1Y73,1,A-B,
1Y90,1,A-B,
1Y95,1,A-B,
1Y99,1,A-B,
1YKQ,1,A-B,
1YKQ,1,C-D,
1YKV,1,A-B,
1YKV,1,C-D,
1YLS,1,A-B,
1YLS,1,C-D,
1YRM,1,A-B,
1YRM,1,C,
1YXP,1,A-B,
1YY0,1,A-B,
1YY0,1,C,
1YZD,1,C,
1Z43,1,A,
1Z79,1,A-B,
1Z79,1,C,
1Z7F,1,A,
1ZCI,1,A-B,
1ZCI,1,C-D,
1ZEV,1,A-B,
1ZFT,1,A-B,
1ZFT,1,C-D,
1ZFV,1,A-B,
1ZFV,1,C-D,
1ZFX,1,A-B,
1ZFX,1,C-D,
1ZX7,1,A-B,
1ZX7,1,C-D,
1ZX7,1,E-F,
1ZX7,1,G-H,
1ZZ5,1,A-B,
1ZZ5,1,C-D,
259D,1,A-B,
280D,1,A-B,
280D,1,C-D,
299D,1,A-B,
2A04,1,A-B,
2A04,1,C-D,
2A0P,1,A-B,
2A2E,1,A,
2AO5,1,A-B,
2AO5,1,C-D,
2AWE,1,A,
2AWE,1,B,
2AWE,1,C,
2AWE,1,D,
2AWE,1,E,
2AWE,1,F,
2AWE,1,G,
2AWE,1,H,
2B57,1,A,
2B8R,1,A-B,
2B8S,1,A-B,
2BCY,1,A-B,
2BCY,1,C-D,
2D2K,1,A-B,
2D2K,1,C-D,
2D2L,1,A-B,
2D2L,1,C-D,
2EES,1,A,
2EET,1,A,
2EEU,1,A,
2EEV,1,A,
2EEW,1,A,
2ET8,1,A-B,
2F4S,1,A-B,
2F4U,1,A-B,
2FCX,1,A-B,
2FCY,1,A-B,
2FCZ,1,A-B,
2FCZ,1,C-D,
2FD0,1,A-B,
2FGP,1,A-B,
2FGP,1,C-D,
2FQN,1,A-B,
2G3S,1,A-B,
2G3S,1,C-D,
2G3S,1,E-F,
2G3S,1,G-H,
2G3S,1,I-J,
2G5K,1,A-B,
2G9C,1,A,
2GCS,1,A-B,
2GCV,1,A-B,
2GDI,1,X,
2GDI,1,Y,
2GIS,1,A,
2GRB,1,A,
2GRB,1,B,
2GRB,1,C,
2GRB,1,D,
2GRB,1,E,
2GRB,1,F,
2GRB,1,G,
2GRB,1,H,
2H0W,1,A-B,
2H0X,1,A-B,
2H1M,1,A-B,
2HO6,1,A-B,
2HO7,1,A-B,
2HOJ,1,A,
2HOK,1,A,
2HOL,1,A,
2HOM,1,A,
2HOO,1,A,
2HOP,1,A,
2IL9,1,A,
2IL9,1,M,
2NOK,1,A-B,
2NOK,1,C-D,
2NPY,1,A-B,
2NPY,1,C-D,
2NPZ,1,A-B,
2NPZ,1,C-D,
2O3W,1,A-B,
2O3X,1,A-B,
2O3Y,1,A-B,
2OE6,1,A-B,
2OE8,1,A-B,
2OIJ,1,A-B,
2OIY,1,A-B,
2OJ0,1,A-B,
2OUE,1,A-B,
2OUE,1,C-D,
2P7D,1,A-B-P,
2P7D,1,C-D,
2P7E,1,A-B-P,
2P7E,1,C-D,
2P7F,1,A-B,
2P7F,1,C-D,
2PN3,1,A-B,
2PN4,1,A-B,
2PN4,1,C-D,
2Q1O,1,A-B,
2Q1O,1,C-D,
2QBZ,1,X,
2QEK,1,A-B,
2QUS,1,A,
2QUS,1,B,
2QUW,1,A-B,
2QUW,1,C-D,
2QWY,1,A,
2QWY,1,B,
2QWY,1,C,
2R1S,1,A-B,
2R20,1,A-B,
2R21,1,A-B,
2R22,1,A-B,
2XO0,1,A,
2YIE,1,X-Z,
300D,1,A-B,
301D,1,A-B,
359D,1,A-B,
379D,1,A-B,
3B31,1,A-B,
3B4A,1,A-B,
3B4B,1,A-B,
3B4C,1,A-B,
3B58,1,A-B-C,
3B5A,1,A-B-C,
3B5F,1,A-B-C,
3B5S,1,A-B-C,
3B91,1,A-B-C,
3BBI,1,A-B-C,
3BBK,1,A-B-C,
3BBM,1,A-B-C,
3BNN,1,A-B,
3BNN,1,C-D,
3BNO,1,A-B,
3BNO,1,C-D,
3BNP,1,A-B,
3BNQ,1,A-B,
3BNQ,1,C-D,
3BNR,1,A-B,
3BNR,1,C-D,
3BNS,1,A-B,
3BNS,1,C-D,
3C3Z,1,A-B,
3C44,1,A-B,
3C5D,1,A-B,
3C7R,1,A-B,
3CGP,1,A-B,
3CGQ,1,A-B,
3CQS,1,A-B-C,
3CR1,1,A-B-C,
3D0U,1,A,
3D0X,1,A,
3DIG,1,X,
3DIL,1,A,
3DIM,1,A,
3DIO,1,X,
3DIQ,1,A,
3DIR,1,A,
3DIS,1,A,
3DIX,1,A,
3DIY,1,A,
3DIZ,1,A,
3DJ0,1,A,
3DJ2,1,A,
3DS7,1,A,
3DS7,1,B,
3DVV,1,A-B,
3DVZ,1,A,
3DW4,1,A,
3DW5,1,A,
3DW6,1,A,
3DW7,1,A,
3E5C,1,A,
3E5E,1,A,
3E5F,1,A,
3F2Q,1,X,
3F2T,1,X,
3F2W,1,X,
3F2X,1,X,
3F2Y,1,X,
3F30,1,X,
3F4E,1,X-Y,
3F4G,1,X-Y,
3F4H,1,X-Y,
3FAR,1,A-B,
3FO4,1,A,
3FO6,1,A,
3FTM,1,A-B,
3FTM,1,C-D,
3FU2,1,A,
3FU2,1,B,
3FU2,1,C,
3G4M,1,A,
3GAO,1,A,
3GER,1,A,
3GES,1,A,
3GLP,1,A-B,
3GM7,1,G-H,
3GOG,1,A,
3GOT,1,A,
3GS1,1,A-B,
3GS1,1,C-D,
3GS8,1,A-B,UAAaipX
3GS8,1,C-D,
3GX2,1,A,
3GX3,1,A,
3GX5,1,A,
3GX6,1,A,
3GX7,1,A,
3HGA,1,X,
3I2Q,1,A-B-C,
3I2R,1,A-B-C,
3I2S,1,A-B-C,
3I2U,1,A-B-C,
3IQN,1,A,
3IQP,1,A,
3IQR,1,A,
3JXQ,1,A-B,
3JXQ,1,K-L,
3K1V,1,A,
3MJ3,1,B-C,
3MJA,1,B-C,
3MJB,1,A-B,
3NJ6,1,A,
3NJ7,1,A-B,
3NJ7,1,C-D,
3NJ7,1,E-F,
3OK2,1,B,
3OK2,1,D,
3OK2,1,F,
3OK4,1,2,
3OK4,1,4,
3OK4,1,B,
3OK4,1,D,
3OK4,1,F,
3OK4,1,H,
3OK4,1,J,
3OK4,1,L,
3OK4,1,N,
3OK4,1,P,
3OK4,1,R,
3OK4,1,T,
3OK4,1,V,
3OK4,1,X,
3OK4,1,Z,
3OWW,1,A,
3OWW,1,B,
3OWZ,1,A,
3OWZ,1,B,
3OX0,1,A,
3OX0,1,B,
3OXB,1,A,
3OXB,1,B,
3OXD,1,A,
3OXD,1,B,
3OXE,1,A,
3OXE,1,B,
3OXJ,1,A,
3OXJ,1,B,
3OXM,1,A,
3OXM,1,B,
3P22,1,A-B,
3P22,1,C-D,
3P22,1,E-F,
3P22,1,G-H,
3P4B,1,A-B,
3P4B,1,C-D,
3P4B,1,E-F,
3P4C,1,A-B,
3P4D,1,A-B,
3P59,1,A-B-C-D-E-F-G-H,
3R1C,1,C-D,
3R1C,1,e-f,
3R1C,1,I-J,
3R1C,1,K-L,
3R1C,1,W-X,
3RKF,1,A,
3RKF,1,B,
3RKF,1,C,
3RKF,1,D,
3S49,1,A-B,
3S49,1,C-D,
3S49,1,E-F,
3S49,1,G,
3S7C,1,A,
3SD3,1,A,
3SKI,1,A,
3SKI,1,B,
3SKL,1,A,
3SKL,1,B,
3SKR,1,A,
3SKR,1,B,
3SKT,1,A,
3SKT,1,B,
3SKW,1,A,
3SKW,1,B,
3SKZ,1,A,
3SKZ,1,B,
3SLM,1,A,
3SLM,1,B,
3SLQ,1,A,
3SLQ,1,B,
3SYW,1,A-B,
3TD0,1,A-B,
3TD1,1,A-B,
405D,1,A-B,
409D,1,A-B,
409D,1,C-D,
409D,1,E-F,
420D,1,A-B,
429D,1,A-B,
429D,1,C-D,
434D,1,A-B,
434D,1,C-D,
435D,1,A-B,
435D,1,C-D,
437D,1,A,
439D,1,A-B,
462D,1,A-B,
464D,1,A-B,
464D,1,C-D,
466D,1,A-B,
466D,1,C-D,
480D,1,A,
483D,1,A,
488D,1,A-B-C-D,
4E48,1,A-B,
4E48,1,D,
4E58,1,C-D-E,
4FE5,1,B,
4FEJ,1,B,
4FEL,1,B,
4FEN,1,B,
4FEO,1,B,
4FEP,1,B,
4G6P,1,A-B-C,
4G6R,1,A-B,
4G6R,1,C-D,
4G6S,1,A-B-C,
4IQS,1,A-B,
4IQS,1,C-D,
4IQS,1,E,
4IQS,1,F,
4JRC,1,A,
4JRC,1,B,
4JRD,1,A,
4JRD,1,B,
4L81,1,A,
4LVV,1,A,
4LVW,1,A,
4LVX,1,A,
4LVY,1,A,
4LVZ,1,A,
4LW0,1,A,
4MCF,1,A-B,
4MCF,1,C-D,
4MGM,1,A,
4MGM,1,B,
4MGN,1,A,
4MGN,1,B,
4MGN,1,C,
4MGN,1,D,
4MS9,1,A,
4MSB,1,A-B,
4MSB,1,C-D,
4MSB,1,E-F,
4MSR,1,A-B,
4NFO,1,A,
4NFO,1,B-C,
4NFP,1,A,
4NFP,1,B-C,
4NFQ,1,A,
4NFQ,1,B-C,
4NLF,1,A,
4NMG,1,A,
4O41,1,A-B,
4O41,1,C-D,
4OQU,1,A,
4P3S,1,A-B,
4P3U,1,A-B,
4P43,1,A-B,
4QJD,1,A-B,
4QJD,1,C-D,
4QJD,1,E-F,
4QJD,1,G-H,
4QJH,1,A-B,
4QJH,1,C-D,
4QJH,1,E-F,
4QK8,1,A,
4QKA,1,A,
4U34,1,A-B,
4U35,1,A-B,
5C45,1,X-Y,
5EAO,1,A-B,
5EAQ,1,A-B,
5EME,1,A-B,
5EMF,1,A-B,
5EW4,1,A-B,
5EW7,1,A-B,
5HN2,1,A-B,
5J02,1,A-B,
5KTJ,1,A-B,
5KTJ,1,C-D,
5KX9,1,X-Y,
5UX3,1,A-B,
5UZ6,1,A-B,
5UZ6,1,C-D,
5UZ6,1,E-F,
5V0O,1,A-B,
5V9Z,1,A-B,
5Z71,1,A-B,
5ZEG,1,A-B,
5ZEG,1,C,
6BMD,1,A-B,
6BMD,1,C-D,
6BMD,1,E-F,
6CHR,1,A-B,
6JQ5,1,A-B,
6QN3,1,A-B,
6UEY,1,A-B,
6UEY,1,C-D,
6UF1,1,A-B,
6UF1,1,C-D,
6UFG,1,A-B,
6UFH,1,A-B,
6UFJ,1,A-B-E,
6UFJ,1,C-D-F,
6UFK,1,A-B-E,
6UFK,1,C-D-F,
6YL5,1,A-B,
6YL5,1,C-D,
6YL5,1,E-F,
6YL5,1,G-H,
6YL5,1,I-J,
6YL5,1,K-L,
6YLB,1,A-B,
6YLB,1,C-D,
6YLB,1,F-G,
6YLB,1,I-J,
6YLB,1,M-N,
6YLB,1,O-P,
6YMI,1,A-B,
6YMI,1,C-D,
6YMI,1,F-G,
6YMI,1,I-J,
6YMI,1,M-N,
6YMI,1,O-P,
6YMJ,1,A-B,
6YMJ,1,C-D,
6YMJ,1,F-G,
6YMJ,1,I-J,
6YMJ,1,M-N,
6YMJ,1,O-P,
6YMK,1,A-B,
6YMK,1,C-D,
6YMK,1,F-G,
6YMK,1,I-J,
6YMK,1,M-N,
6YMK,1,O-P,
6YML,1,A-B,
6YML,1,C-D,
6YMM,1,A-B,
6YMM,1,C-D,
7BPG,1,A-B,
7BPG,1,C-D,
7BPG,1,E-F,
7BPG,1,G-H,
7EAG,1,A-B,
7EAG,1,C-D,
7EAG,1,E-F,
7EZ2,1,A-N,
7JNH,1,A-B,
7JRT,1,A-B,
7KGA,1,A-B,
7Q82,1,A-B-C,
7QTN,1,A-B,
7XD6,1,A-N,
7YCG,1,B-N,
7YCH,1,B-N,
7YCI,1,B-N,
7YG8,1,A,
7YGA,1,A-B-N,
7YGB,1,A,
7YGB,1,B-N,
7YGC,1,A,
7YGC,1,B-N,
7YGD,1,A,
7YGD,1,B,
8AMG,1,G-H,
8AMG,1,I-J,
8AMI,1,A-B,
8AMM,1,Y-Z,
8CLM,1,A-D,
8CLM,1,B-E,rXVPMkO
8CLM,1,C-F,
8FER,1,AAA-BBB,
8K0P,1,A-C,
8K0S,1,A-C,
8PFQ,1,A-B,
8QMH,1,C-D,
8QMI,1,C-D,
8SA2,1,A-B,
8SA5,1,A-B,
8SX6,1,A-B,
8X9K,1,A,
8X9L,1,A,
8X9M,1,A,
8X9N,1,A,
8X9O,1,A,
8X9Q,1,A,
8XTP,1,A-B,
8XTR,1,A-B,vAZ8pqV
8Z8U,1,A-B,
8Z9K,1,A-B,
8ZA0,1,A-B,
8ZA0,1,C-D,
8ZA0,1,E-F,
8ZA4,1,A-B,
8ZA4,1,C-D,
8ZA4,1,E-F,
8ZAU,1,A,
9DE6,1,A,XIX09yc
9DE6,1,B,
9DE7,1,A,
9DE8,1,A,
9G7C,5,A,
9IS7,1,A-B,
9ISV,1,A,
9J3T,1,A-B-C-D,
9J3T,1,E-F-G-H,
9J6Y,1,A,
9J6Y,1,B,
9J6Y,1,C,
9J6Y,1,D,
9J6Y,1,E,
9J6Y,1,F,
9KPH,1,A-B,
9KPO,1,A-B,
9LCR,1,A-B,
9LMF,1,A,
9LMF,1,B,
9LMF,1,C,
9LMF,1,D,
9LMF,1,E,
9LMF,1,F,
9LMF,1,G,
9LMF,1,H,
9LMF,1,I,
9LMF,1,J,
